-- Refer to https://stackoverflow.com/questions/41102406/h2-generate-insert-scripts-initialization-script to generate scripts.

INSERT INTO "PUBLIC"."ITEM"("ITEM_ID", "ITEM_COST", "ITEM_NAME", "MAX_SAFE_CONSUMPTION", "REWARD") VALUES
(1, 2.95, 'Egg Roll', 10, 16),
(2, 4.19, 'Strawberry Milkshake', 2, 2),
(3, 10.0, 'Green Salad', 8, 19),
(4, 5.99, 'Chicken Sandwich', 8, 17),
(5, 4.0, 'Pizza', 10, 8),
(6, 3.2, 'Icecream', 2, 1),
(7, 1.05, 'Yogurt plain', 5, 15),
(8, 5.14, 'Rice cake', 10, 11),
(9, 8.83, 'Pasta', 8, 9),
(10, 3.75, 'Quinoa bar', 10, 14),
(11, 3.45, 'Parfait', 4, 13),
(12, 3.99, 'Kefir blueberry', 2, 10),
(13, 3.0, 'Cheesecake', 2, 3),
(14, 2.45, 'Carrot cake', 2, 7),
(15, 2.99, 'Cheese balls', 8, 5),
(16, 4.75, 'Garlic bread', 10, 12),
(17, 2.5, 'Peach pie', 2, 4),
(18, 4.35, 'Lemon pudding', 2, 6),
(19, 11.5, 'Honey garlic salmon', 8, 18);          

INSERT INTO "PUBLIC"."ITEM_CATEGORY"("ITEM_ID", "CATEGORY_NAME") VALUES
(1, 'ALL'),
(2, 'ALL'),
(3, 'ALL'),
(4, 'ALL'),
(5, 'ALL'),
(6, 'ALL'),
(7, 'ALL'),
(8, 'ALL'),
(9, 'ALL'),
(10, 'ALL'),
(11, 'ALL'),
(12, 'ALL'),
(13, 'ALL'),
(14, 'ALL'),
(15, 'ALL'),
(16, 'ALL'),
(17, 'ALL'),
(18, 'ALL'),
(19, 'ALL');      

INSERT INTO "PUBLIC"."ITEM_NUTRITION_PROFILE"("ITEM_ID", "NUTRIENT_CONTENT", "NUTRITION_PROFILE_KEY") VALUES
(1, 438.0, 'sodium'),
(1, 40.0, 'calcium'),
(1, 25.0, 'carbs'),
(1, 5.0, 'protein'),
(1, 4.0, 'fat'),
(1, 153.0, 'calories'),
(2, 410.0, 'sodium'),
(2, 450.0, 'calcium'),
(2, 93.0, 'carbs'),
(2, 13.0, 'protein'),
(2, 23.0, 'fat'),
(2, 610.0, 'calories'),
(3, 633.0, 'sodium'),
(3, 100.0, 'calcium'),
(3, 52.0, 'carbs'),
(3, 40.0, 'protein'),
(3, 7.0, 'fat'),
(3, 425.0, 'calories'),
(4, 2923.0, 'sodium'),
(4, 310.0, 'calcium'),
(4, 70.0, 'carbs'),
(4, 44.0, 'protein'),
(4, 8.0, 'fat'),
(4, 527.0, 'calories'),
(5, 982.0, 'sodium'),
(5, 100.0, 'calcium'),
(5, 44.0, 'carbs'),
(5, 10.0, 'protein'),
(5, 26.0, 'fat'),
(5, 489.0, 'calories'),
(6, 65.0, 'sodium'),
(6, 130.0, 'calcium'),
(6, 24.0, 'carbs'),
(6, 4.0, 'protein'),
(6, 17.0, 'fat'),
(6, 266.0, 'calories'),
(7, 172.0, 'sodium'),
(7, 450.0, 'calcium'),
(7, 17.0, 'carbs'),
(7, 13.0, 'protein'),
(7, 4.0, 'fat'),
(7, 154.0, 'calories'),
(8, 29.0, 'sodium'),
(8, 10.0, 'calcium'),
(8, 7.0, 'carbs'),
(8, 1.0, 'protein'),
(8, 0.0, 'fat'),
(8, 35.0, 'calories'),
(9, 0.0, 'sodium'),
(9, 10.0, 'calcium'),
(9, 39.0, 'carbs'),
(9, 4.0, 'protein'),
(9, 1.0, 'fat'),
(9, 176.0, 'calories'),
(10, 4.0, 'sodium'),
(10, 50.0, 'calcium'),
(10, 12.0, 'carbs'),
(10, 2.0, 'protein'),
(10, 3.0, 'fat'),
(10, 74.0, 'calories'),
(11, 150.0, 'sodium'),
(11, 250.0, 'calcium'),
(11, 61.0, 'carbs'),
(11, 12.0, 'protein'),
(11, 4.0, 'fat'),
(11, 310.0, 'calories'),
(12, 120.0, 'sodium'),
(12, 250.0, 'calcium'),
(12, 26.0, 'carbs'),
(12, 7.0, 'protein'),
(12, 8.0, 'fat'),
(12, 220.0, 'calories'),
(13, 376.0, 'sodium'),
(13, 170.0, 'calcium'),
(13, 35.0, 'carbs'),
(13, 5.0, 'protein'),
(13, 13.0, 'fat'),
(13, 271.0, 'calories'),
(14, 630.0, 'sodium'),
(14, 10.0, 'calcium'),
(14, 99.0, 'carbs'),
(14, 9.0, 'protein'),
(14, 45.0, 'fat'),
(14, 799.0, 'calories'),
(15, 230.0, 'sodium'),
(15, 150.0, 'calcium'),
(15, 4.0, 'carbs'),
(15, 6.0, 'protein'),
(15, 7.0, 'fat'),
(15, 100.0, 'calories'),
(16, 430.0, 'sodium'),
(16, 10.0, 'calcium'),
(16, 23.0, 'carbs'),
(16, 6.0, 'protein'),
(16, 9.0, 'fat'),
(16, 195.0, 'calories'),
(17, 90.0, 'sodium'),
(17, 10.0, 'calcium'),
(17, 20.0, 'carbs'),
(17, 1.0, 'protein'),
(17, 6.0, 'fat'),
(17, 140.0, 'calories'),
(18, 392.0, 'sodium'),
(18, 150.0, 'calcium'),
(18, 30.0, 'carbs'),
(18, 4.0, 'protein'),
(18, 4.0, 'fat'),
(18, 169.0, 'calories'),
(19, 51.0, 'sodium'),
(19, 20.0, 'calcium'),
(19, 0.0, 'carbs'),
(19, 22.0, 'protein'),
(19, 11.0, 'fat'),
(19, 196.0, 'calories');