-- Refer to https://stackoverflow.com/questions/41102406/h2-generate-insert-scripts-initialization-script to generate scripts.
INSERT INTO category VALUES
('VEGAN', 'VEGAN'),
('GLUTENFREE', 'GLUTEN FREE'),
('DAIRYFREE', 'DAIRY FREE'),
('VEGETARIAN', 'VEGETARIAN'),
('FATFREE', 'FAT FREE'),
('GENERAL', 'ALL');

INSERT INTO item VALUES
(1, 2.95, 'Egg Roll', 10, 16),
(2, 4.19, 'Strawberry Milkshake', 2, 2),
(3, 10.0, 'Green Salad', 8, 19),
(4, 5.99, 'Chicken Sandwich', 8, 17),
(5, 4.0, 'Pizza', 10, 8),
(6, 3.2, 'Icecream', 2, 1),
(7, 1.05, 'Yogurt plain', 5, 15),
(8, 5.14, 'Rice cake', 10, 11),
(9, 8.83, 'Pasta', 8, 9),
(10, 3.75, 'Quinoa bar', 10, 14),
(11, 3.45, 'Parfait', 4, 13),
(12, 3.99, 'Kefir blueberry', 2, 10),
(13, 3.0, 'Cheesecake', 2, 3),
(14, 2.45, 'Carrot cake', 2, 7),
(15, 2.99, 'Cheese balls', 8, 5),
(16, 4.75, 'Garlic bread', 10, 12),
(17, 2.5, 'Peach pie', 2, 4),
(18, 4.35, 'Lemon pudding', 2, 6),
(19, 11.5, 'Honey garlic salmon', 8, 18);

INSERT INTO item_category VALUES
(1, 'GENERAL'),
(1, 'DAIRYFREE'),
(2, 'GENERAL'),
(2, 'GLUTENFREE'),
(3, 'GENERAL'),
(3, 'VEGAN'),
(3, 'VEGETARIAN'),
(3, 'GLUTENFREE'),
(3, 'DAIRYFREE'),
(3, 'FATFREE'),
(4, 'GENERAL'),
(4, 'DAIRYFREE'),
(5, 'GENERAL'),
(5, 'GLUTENFREE'),
(6, 'GENERAL'),
(6, 'GLUTENFREE'),
(7, 'GENERAL'),
(7, 'VEGETARIAN'),
(8, 'GENERAL'),
(8, 'VEGAN'),
(8, 'VEGETARIAN'),
(8, 'DAIRYFREE'),
(8, 'FATFREE'),
(9, 'GENERAL'),
(9, 'DAIRYFREE'),
(10, 'GENERAL'),
(10, 'VEGAN'),
(10, 'VEGETARIAN'),
(10, 'GLUTENFREE'),
(10, 'DAIRYFREE'),
(10, 'FATFREE'),
(11, 'GENERAL'),
(11, 'VEGETARIAN'),
(12, 'GENERAL'),
(12, 'VEGETARIAN'),
(13, 'GENERAL'),
(14, 'GENERAL'),
(15, 'GENERAL'),
(15, 'VEGETARIAN'),
(15, 'GLUTENFREE'),
(16, 'GENERAL'),
(16, 'VEGETARIAN'),
(16, 'VEGAN'),
(17, 'GENERAL'),
(17, 'VEGETARIAN'),
(17, 'VEGAN'),
(18, 'GENERAL'),
(18, 'VEGETARIAN'),
(18, 'VEGAN'),
(19, 'GENERAL'),
(19, 'GLUTENFREE'),
(19, 'DAIRYFREE');

INSERT INTO item_nutrition_profile VALUES
(1, 438.0, 'sodium'),
(1, 40.0, 'calcium'),
(1, 25.0, 'carbs'),
(1, 5.0, 'protein'),
(1, 4.0, 'fat'),
(1, 153.0, 'calories'),
(2, 410.0, 'sodium'),
(2, 450.0, 'calcium'),
(2, 93.0, 'carbs'),
(2, 13.0, 'protein'),
(2, 23.0, 'fat'),
(2, 610.0, 'calories'),
(3, 633.0, 'sodium'),
(3, 100.0, 'calcium'),
(3, 52.0, 'carbs'),
(3, 40.0, 'protein'),
(3, 7.0, 'fat'),
(3, 425.0, 'calories'),
(4, 2923.0, 'sodium'),
(4, 310.0, 'calcium'),
(4, 70.0, 'carbs'),
(4, 44.0, 'protein'),
(4, 8.0, 'fat'),
(4, 527.0, 'calories'),
(5, 982.0, 'sodium'),
(5, 100.0, 'calcium'),
(5, 44.0, 'carbs'),
(5, 10.0, 'protein'),
(5, 26.0, 'fat'),
(5, 489.0, 'calories'),
(6, 65.0, 'sodium'),
(6, 130.0, 'calcium'),
(6, 24.0, 'carbs'),
(6, 4.0, 'protein'),
(6, 17.0, 'fat'),
(6, 266.0, 'calories'),
(7, 172.0, 'sodium'),
(7, 450.0, 'calcium'),
(7, 17.0, 'carbs'),
(7, 13.0, 'protein'),
(7, 4.0, 'fat'),
(7, 154.0, 'calories'),
(8, 29.0, 'sodium'),
(8, 10.0, 'calcium'),
(8, 7.0, 'carbs'),
(8, 1.0, 'protein'),
(8, 0.0, 'fat'),
(8, 35.0, 'calories'),
(9, 0.0, 'sodium'),
(9, 10.0, 'calcium'),
(9, 39.0, 'carbs'),
(9, 4.0, 'protein'),
(9, 1.0, 'fat'),
(9, 176.0, 'calories'),
(10, 4.0, 'sodium'),
(10, 50.0, 'calcium'),
(10, 12.0, 'carbs'),
(10, 2.0, 'protein'),
(10, 3.0, 'fat'),
(10, 74.0, 'calories'),
(11, 150.0, 'sodium'),
(11, 250.0, 'calcium'),
(11, 61.0, 'carbs'),
(11, 12.0, 'protein'),
(11, 4.0, 'fat'),
(11, 310.0, 'calories'),
(12, 120.0, 'sodium'),
(12, 250.0, 'calcium'),
(12, 26.0, 'carbs'),
(12, 7.0, 'protein'),
(12, 8.0, 'fat'),
(12, 220.0, 'calories'),
(13, 376.0, 'sodium'),
(13, 170.0, 'calcium'),
(13, 35.0, 'carbs'),
(13, 5.0, 'protein'),
(13, 13.0, 'fat'),
(13, 271.0, 'calories'),
(14, 630.0, 'sodium'),
(14, 10.0, 'calcium'),
(14, 99.0, 'carbs'),
(14, 9.0, 'protein'),
(14, 45.0, 'fat'),
(14, 799.0, 'calories'),
(15, 230.0, 'sodium'),
(15, 150.0, 'calcium'),
(15, 4.0, 'carbs'),
(15, 6.0, 'protein'),
(15, 7.0, 'fat'),
(15, 100.0, 'calories'),
(16, 430.0, 'sodium'),
(16, 10.0, 'calcium'),
(16, 23.0, 'carbs'),
(16, 6.0, 'protein'),
(16, 9.0, 'fat'),
(16, 195.0, 'calories'),
(17, 90.0, 'sodium'),
(17, 10.0, 'calcium'),
(17, 20.0, 'carbs'),
(17, 1.0, 'protein'),
(17, 6.0, 'fat'),
(17, 140.0, 'calories'),
(18, 392.0, 'sodium'),
(18, 150.0, 'calcium'),
(18, 30.0, 'carbs'),
(18, 4.0, 'protein'),
(18, 4.0, 'fat'),
(18, 169.0, 'calories'),
(19, 51.0, 'sodium'),
(19, 20.0, 'calcium'),
(19, 0.0, 'carbs'),
(19, 22.0, 'protein'),
(19, 11.0, 'fat'),
(19, 196.0, 'calories');

INSERT INTO recipe VALUES
('Egg Roll', 'A healthy way to meet your protein needs', 'https://images.indianexpress.com/2020/05/egg-roll-759.jpg', 'https://www.youtube.com/watch?v=4z36OcbxovQ'),
('Strawberry Milkshake', 'Delight in every sip', 'https://encrypted-tbn0.gstatic.com/images?q=tbn%3AANd9GcRIhI9cZoZBjSKCWYFQHeMjulmAwHc9Q08nEg&usqp=CAU', 'https://www.youtube.com/watch?v=U17jQxLGZPo'),
('Green Salad', 'A healthy blend of veggies to provide your daily needs', 'https://encrypted-tbn0.gstatic.com/images?q=tbn%3AANd9GcQBkR4iqnG2uDfxmJ0A-bSn4YSY0sMGBGncug&usqp=CAU', 'https://www.youtube.com/watch?v=N7qbUUD3klE'),
('Chicken Sandwich', 'Taste and Health all in one', 'https://encrypted-tbn0.gstatic.com/images?q=tbn%3AANd9GcTEAQ4Gel-woOr5dAlpf3zQZJiydAHqssWacQ&usqp=CAU', 'https://www.youtube.com/watch?v=_SSGoVq5eSY'),
('Pizza', 'Delight in every Bite', 'https://encrypted-tbn0.gstatic.com/images?q=tbn%3AANd9GcTc4QGxnjN8FiWNKcBwxu1Xig_2gB35nSIKnA&usqp=CAU', 'https://www.youtube.com/watch?v=7zY7UpcJr0g'),
('Icecream', 'A frozen dessert you can enjoy on a hot day', 'https://encrypted-tbn0.gstatic.com/images?q=tbn%3AANd9GcSMfZ3Pwml_Y6x8u7g5BYSAXMVcEXRlAM_IMQ&usqp=CAU', 'https://www.youtube.com/watch?v=4rsLIcl7sW4'),
('Yogurt plain', 'Good Yogurt for Good Moments', 'https://encrypted-tbn0.gstatic.com/images?q=tbn%3AANd9GcRvKxTWhkUToXyfXbGMUtnPUU8D5K01bBZaoA&usqp=CAU', 'https://www.youtube.com/watch?v=abKmq-qm77Q'),
('Rice cake', 'A cake so yummy, it will fill your tummy', 'https://encrypted-tbn0.gstatic.com/images?q=tbn%3AANd9GcQTkRVAPy8mEe7cZrOgtjKKmNwTBHfsegoXbQ&usqp=CAU', 'https://www.youtube.com/watch?v=dxadGMN6AP8'),
('Pasta', 'From Italy, with love', 'https://encrypted-tbn0.gstatic.com/images?q=tbn%3AANd9GcSc5uyrM3mOd2zWNtRDtLtMboQNOrYWIDdapA&usqp=CAU', 'https://www.youtube.com/watch?v=0VQEJARHJ44'),
('Quinoa bar', 'Just what your body needs', 'https://encrypted-tbn0.gstatic.com/images?q=tbn%3AANd9GcSxVQPW4jqyC-KLFiwBeOQOQgKZiqRo5pGpQw&usqp=CAU', 'https://www.youtube.com/watch?v=DvSGKjXnDVY'),
('Kefir blueberry', 'Hot summer sun? Try one.', 'https://encrypted-tbn0.gstatic.com/images?q=tbn%3AANd9GcSsVUejZ99xee31E6OqKrYugE4N-lx6sDn7tQ&usqp=CAU', 'https://www.youtube.com/watch?v=mizf8zkqoh4'),
('Cheesecake', 'Find regular cake boring? Gimme a try', 'https://encrypted-tbn0.gstatic.com/images?q=tbn%3AANd9GcTwTy6PZPqcIoQ61idPrl1Hr9lEUQ1irJKGrQ&usqp=CAU', 'https://www.youtube.com/watch?v=wNLxiRcNsPg'),
('Carrot cake', 'A healthier version of regular cake', 'https://encrypted-tbn0.gstatic.com/images?q=tbn%3AANd9GcQfSnzAf0Khl3Bw0KmVUcnO1J4cBbxmvLuG_Q&usqp=CAU', 'https://www.youtube.com/watch?v=zm0Ea9ZscpU'),
('Cheese balls', 'A crunch in every bite', 'https://encrypted-tbn0.gstatic.com/images?q=tbn%3AANd9GcTYi-5DZyxKsrAJvHO8sMBkhW5IZ2X1FvL4Tg&usqp=CAU', 'https://www.youtube.com/watch?v=eJZ57qZ4AGQ'),
('Garlic bread', 'Because your Pizza needs a friend', 'https://encrypted-tbn0.gstatic.com/images?q=tbn%3AANd9GcTcQ57LqBqRz6Ck_HSaWJiz4bUPPSnXEI6bNA&usqp=CAU', 'https://www.youtube.com/watch?v=In6FrKPWedk'),
('Peach pie', 'Dessert? Count me in.', 'https://encrypted-tbn0.gstatic.com/images?q=tbn%3AANd9GcSukmPEBXh98bK4Ca5u6J3PpLmEkUyA-akBLg&usqp=CAU', 'https://www.youtube.com/watch?v=E5OsLOFncdk'),
('Lemon pudding', 'Full on taste!', 'https://encrypted-tbn0.gstatic.com/images?q=tbn%3AANd9GcQDo_T3uUv8k9OOpyqQ_Li-hGFPdlK9kftgqg&usqp=CAU', 'https://www.youtube.com/watch?v=FwksiY5ML1k'),
('Honey garlic salmon', 'Fish for protein - Fish for progress', 'https://encrypted-tbn0.gstatic.com/images?q=tbn%3AANd9GcTBgE8MYsTtYEHljprKxDp_aPSjOaQdFQ5mdA&usqp=CAU', 'https://www.youtube.com/watch?v=P4xuyEq37nE'),
('Parfait', 'The best thing you will ever taste', 'https://encrypted-tbn0.gstatic.com/images?q=tbn%3AANd9GcTjfRRCWU_BANMahwp2VrQffxlTJwNF7-GNzw&usqp=CAU', 'https://www.youtube.com/watch?v=uaa2NqGsOzI');
INSERT INTO ingredient VALUES
(2, 'A healthy way to meet your protein needs', 'egg', 'Egg Roll'),
(4, 'Keep your heart healthy', 'onion', 'Egg Roll'),
(6, 'Keep your eyes healthy', 'carrot', 'Egg Roll'),
(8, 'green chilli', 'green chilli', 'Egg Roll'),
(10, 'cabbage', 'cabbage', 'Egg Roll'),
(12, 'soya sauce', 'soya sauce', 'Egg Roll'),
(14, 'butter', 'butter', 'Egg Roll'),
(16, 'mayonnaise', 'mayonnaise', 'Egg Roll'),
(18, 'capsicum', 'capsicum', 'Egg Roll'),
(20, 'frozen/fresh strawberries', 'frozen/fresh strawberries', 'Strawberry Milkshake'),
(22, 'milk powder', 'milk powder', 'Strawberry Milkshake'),
(24, 'milk', 'milk', 'Strawberry Milkshake'),
(26, 'vanilla ice cream', 'vanilla ice cream', 'Strawberry Milkshake'),
(28, 'italian dressing', 'italian dressing', 'Green Salad'),
(30, 'romaine heart', 'romaine heart', 'Green Salad'),
(32, 'leafy lettuce', 'leafy lettuce', 'Green Salad'),
(34, 'shallot (large)', 'shallot (large)', 'Green Salad'),
(36, 'english cucumber', 'english cucumber', 'Green Salad'),
(38, 'cherry tomatoes', 'cherry tomatoes', 'Green Salad'),
(40, 'green olives', 'green olives', 'Green Salad'),
(42, 'sliced pepperoncini', 'sliced pepperoncini', 'Green Salad'),
(44, 'parmesan shavings', 'parmesan shavings', 'Green Salad'),
(46, 'red pepper flakes', 'red pepper flakes', 'Green Salad'),
(48, 'chicken (boiled)', 'chicken (boiled)', 'Chicken Sandwich'),
(50, 'mayonnaise', 'mayonnaise', 'Chicken Sandwich'),
(52, 'pepper', 'pepper', 'Chicken Sandwich'),
(54, 'bread', 'bread', 'Chicken Sandwich'),
(56, 'capsicum', 'capsicum', 'Chicken Sandwich'),
(58, 'lettuce', 'lettuce', 'Chicken Sandwich'),
(60, 'Pizza sauce', 'Pizza sauce', 'Pizza'),
(62, 'mushroom (sliced)', 'mushroom (sliced)', 'Pizza'),
(64, 'onion (chopped)', 'onion (chopped)', 'Pizza'),
(66, 'capsicum (chopped)', 'capsicum (chopped)', 'Pizza'),
(68, 'pickled jalapenos', 'pickled jalapenos', 'Pizza'),
(70, 'black olives (chopped)', 'black olives (chopped)', 'Pizza'),
(72, 'mozzarella cheese', 'mozzarella cheese', 'Pizza'),
(74, 'oregano / italian seasoning / mixed herbs', 'oregano / italian seasoning / mixed herbs', 'Pizza'),
(76, 'oregano / italian seasoning / mixed herbs', 'Pizza dough', 'Pizza'),
(78, 'Whipped cream, cold', 'whipped cream, cold', 'Icecream'),
(80, 'condensed milk, cold', 'condensed milk, cold', 'Icecream'),
(82, 'vanilla extract', 'vanilla extract', 'Icecream'),
(84, 'milk powder', 'milk powder', 'Yogurt plain'),
(86, 'hot water', 'hot water', 'Yogurt plain'),
(88, 'yogurt culture / yogurt', 'yogurt culture / yogurt', 'Yogurt plain'),
(90, 'rice flour', 'rice flour', 'Rice cake'),
(92, 'sugar', 'sugar', 'Rice cake'),
(94, 'milk', 'milk', 'Rice cake'),
(96, 'cooking oil', 'cooking oil', 'Rice cake'),
(98, 'eggs', 'eggs', 'Rice cake'),
(100, 'lemon juice', 'lemon juice', 'Rice cake'),
(102, 'vanilla extract', 'vanilla extract', 'Rice cake'),
(104, 'penne Pasta', 'penne Pasta', 'Pasta'),
(106, 'salt', 'salt', 'Pasta'),
(108, 'oil', 'oil', 'Pasta'),
(110, 'butter', 'butter', 'Pasta'),
(112, 'chopped garlic', 'chopped garlic', 'Pasta'),
(114, 'chopped ginger', 'chopped ginger', 'Pasta'),
(116, 'chopped onion', 'chopped onion', 'Pasta'),
(118, 'tomato pulp', 'tomato pulp', 'Pasta'),
(120, 'tomato sauce', 'tomato sauce', 'Pasta'),
(122, 'corn', 'corn', 'Pasta'),
(124, 'chopped capsicum', 'chopped capsicum', 'Pasta'),
(126, 'chopped carrot', 'chopped carrot', 'Pasta'),
(128, 'broccoli florets', 'broccoli florets', 'Pasta'),
(130, 'water', 'water', 'Pasta'),
(132, 'mixed herbs( basil, marjoram, oregano, rosemary, sage, thyme )', 'mixed herbs( basil, marjoram, oregano, rosemary, sage, thyme )', 'Pasta'),
(134, 'oat flakes', 'oat flakes', 'Quinoa bar'),
(136, 'quinoa', 'quinoa', 'Quinoa bar'),
(138, 'chia seeds', 'chia seeds', 'Quinoa bar'),
(140, 'raisins', 'raisins', 'Quinoa bar'),
(142, 'chopped almonds', 'chopped almonds', 'Quinoa bar'),
(144, 'peanut butter', 'peanut butter', 'Quinoa bar'),
(146, 'honey', 'honey', 'Quinoa bar'),
(148, 'oat flakes', 'oat flakes', 'Quinoa bar'),
(150, 'walnuts', 'walnuts', 'Quinoa bar'),
(152, 'raisins', 'raisins', 'Quinoa bar');
INSERT INTO ingredient VALUES
(154, 'melon seeds', 'melon seeds', 'Quinoa bar'),
(156, 'pumpkin seeds', 'pumpkin seeds', 'Quinoa bar'),
(158, 'honey', 'honey', 'Quinoa bar'),
(160, 'yogurt', 'yogurt', 'Quinoa bar'),
(162, 'strawberries', 'strawberries', 'Quinoa bar'),
(164, 'mulberries', 'mulberries', 'Quinoa bar'),
(166, 'blueberries', 'blueberries', 'Quinoa bar'),
(168, 'fresh mint', 'fresh mint', 'Quinoa bar'),
(170, 'homemade kefir', 'homemade kefir', 'Kefir blueberry'),
(172, 'fresh blueberries', 'fresh blueberries', 'Kefir blueberry'),
(174, 'granulated sugar', 'granulated sugar', 'Kefir blueberry'),
(176, 'graham cracker crumbs', 'graham cracker crumbs', 'Cheesecake'),
(178, 'brown/white sugar', 'brown/white sugar', 'Cheesecake'),
(180, 'butter - melted', 'butter - melted', 'Cheesecake'),
(182, 'cream cheese - softened to room temperature', 'cream cheese - softened to room temperature', 'Cheesecake'),
(184, 'sour cream', 'sour cream', 'Cheesecake'),
(186, 'vanilla extract', 'vanilla extract', 'Cheesecake'),
(188, 'salt', 'salt', 'Cheesecake'),
(190, 'large eggs - lightly beaten', 'large eggs - lightly beaten', 'Cheesecake'),
(192, 'large eggs', 'large eggs', 'Carrot cake'),
(194, 'vegetable oil', 'vegetable oil', 'Carrot cake'),
(196, 'white sugar', 'white sugar', 'Carrot cake'),
(198, 'confectioners'' sugar', 'confectioners'' sugar', 'Carrot cake'),
(200, 'vanilla extract', 'vanilla extract', 'Carrot cake'),
(202, 'all-purpose flour', 'all-purpose flour', 'Carrot cake'),
(204, 'all-purpose flour', 'all-purpose flour', 'Carrot cake'),
(206, 'salt', 'salt', 'Carrot cake'),
(208, 'ground cinnamon', 'ground cinnamon', 'Carrot cake'),
(210, 'grated carrots', 'grated carrots', 'Carrot cake'),
(212, 'butter, softened', 'butter, softened', 'Carrot cake'),
(214, 'cream cheese, softened', 'cream cheese, softened', 'Carrot cake'),
(216, 'chopped pecans', 'chopped pecans', 'Carrot cake'),
(218, 'grated cheese', 'grated cheese', 'Cheese balls'),
(220, 'egg', 'egg', 'Cheese balls'),
(222, 'maida / all-purpose flour', 'maida / all-purpose flour', 'Cheese balls'),
(224, 'salt', 'salt', 'Cheese balls'),
(226, 'baking powder', 'baking powder', 'Cheese balls'),
(228, 'oil', 'oil', 'Cheese balls'),
(230, 'butter', 'butter', 'Garlic bread'),
(232, 'garlic powder', 'garlic powder', 'Garlic bread'),
(234, 'dried parsley', 'dried parsley', 'Garlic bread'),
(236, 'italian bread loaf - sliced', 'italian bread loaf - sliced', 'Garlic bread'),
(238, 'shredded mozzarella cheese', 'shredded mozzarella cheese', 'Garlic bread'),
(240, 'sugar', 'sugar', 'Peach pie'),
(242, 'all-purpose flour', 'all-purpose flour', 'Peach pie'),
(244, 'ground cinnamon', 'ground cinnamon', 'Peach pie'),
(246, 'fresh peaches - sliced & peeled', 'fresh peaches - sliced & peeled', 'Peach pie'),
(248, 'lemon juice', 'lemon juice', 'Peach pie'),
(250, 'frozen deep dish pie crusts', 'frozen deep dish pie crusts', 'Peach pie'),
(252, 'sugar', 'sugar', 'Lemon pudding'),
(254, 'corn flour', 'corn flour', 'Lemon pudding'),
(256, 'sugar', 'sugar', 'Lemon pudding'),
(258, 'lemon juice', 'lemon juice', 'Lemon pudding'),
(260, 'lemon zest', 'lemon zest', 'Lemon pudding'),
(262, 'yogurt', 'yogurt', 'Lemon pudding'),
(264, 'salmon', 'salmon', 'Honey garlic salmon'),
(266, 'melted butter', 'melted butter', 'Honey garlic salmon'),
(268, 'olive oil', 'olive oil', 'Honey garlic salmon'),
(270, 'soy sauce', 'soy sauce', 'Honey garlic salmon'),
(272, 'honey', 'honey', 'Honey garlic salmon'),
(274, 'chopped garlic', 'chopped garlic', 'Honey garlic salmon'),
(276, 'brown sugar', 'brown sugar', 'Honey garlic salmon'),
(278, 'dijon mustard', 'dijon mustard', 'Honey garlic salmon'),
(280, 'red pepper flakes', 'red pepper flakes', 'Honey garlic salmon');
INSERT INTO quantity VALUES
(1, 2.0, 'no', 2),
(3, 1.0, 'no', 4),
(5, 0.25, 'cup', 6),
(7, 1.0, 'no', 8),
(9, 2.0, 'no', 10),
(11, 2.0, 'spoon', 12),
(13, 3.0, 'tbsp', 14),
(15, 3.0, 'tsp', 16),
(17, 0.25, 'cup', 18),
(19, 1.0, 'cup', 20),
(21, 3.0, 'tbsp', 22),
(23, 0.75, 'cup', 24),
(25, 3.0, 'scoop', 26),
(27, 0.5, 'cup', 28),
(29, 3.0, 'cup', 30),
(31, 5.0, 'cup', 32),
(33, 1.0, 'no', 34),
(35, 1.0, 'no', 36),
(37, 0.5, 'cup', 38),
(39, 0.5, 'cup', 40),
(41, 0.5, 'cup', 42),
(43, 0.25, 'cup', 44),
(45, 0.25, 'tsp', 46),
(47, 1.0, 'cup', 48),
(49, 2.0, 'tsp', 50),
(51, 2.0, 'tsp', 52),
(53, 2.0, 'no', 54),
(55, 1.0, 'no', 56),
(57, 1.0, 'no', 58),
(59, 3.0, 'tbsp', 60),
(61, 5.0, 'no', 62),
(63, 3.0, 'tbsp', 64),
(65, 0.25, 'cup', 66),
(67, 9.0, 'no', 68),
(69, 0.25, 'cup', 70),
(71, 0.5, 'cup', 72),
(73, 0.5, 'tsp', 74),
(75, 0.5, 'cup', 76),
(77, 2.0, 'cup', 78),
(79, 14.0, 'oz', 80),
(81, 1.0, 'tsp', 82),
(83, 300.0, 'g', 84),
(85, 1.0, 'l', 86),
(87, 2.0, 'tbsp', 88),
(89, 130.0, 'g', 90),
(91, 100.0, 'g', 92),
(93, 60.0, 'ml', 94),
(95, 40.0, 'ml', 96),
(97, 5.0, 'no', 98),
(99, 1.0, 'tsp', 100),
(101, 2.0, 'tsp', 102),
(103, 1.0, 'cup', 104),
(105, 0.5, 'tsp', 106),
(107, 1.0, 'tsp', 108),
(109, 1.0, 'tsp', 110),
(111, 4.0, 'tsp', 112),
(113, 2.0, 'tsp', 114),
(115, 0.5, 'cup', 116),
(117, 1.0, 'cup', 118),
(119, 2.0, 'tbsp', 120),
(121, 2.0, 'tbsp', 122),
(123, 0.25, 'cup', 124),
(125, 0.25, 'cup', 126),
(127, 7.0, 'no', 128),
(129, 3.0, 'tbsp', 130),
(131, 0.5, 'tsp', 132),
(133, 100.0, 'g', 134),
(135, 50.0, 'g', 136),
(137, 20.0, 'g', 138),
(139, 30.0, 'g', 140),
(141, 30.0, 'g', 142),
(143, 50.0, 'g', 144),
(145, 70.0, 'g', 146),
(147, 0.5, 'cup', 148),
(149, 1.0, 'tbsp', 150),
(151, 1.0, 'tbsp', 152),
(153, 0.5, 'tbsp', 154),
(155, 0.5, 'tbsp', 156),
(157, 5.0, 'tbsp', 158),
(159, 0.75, 'cup', 160),
(161, 4.0, 'no', 162),
(163, 10.0, 'no', 164),
(165, 14.0, 'no', 166),
(167, 0.5, 'tsp', 168),
(169, 4.0, 'cup', 170),
(171, 1.0, 'cup', 172),
(173, 0.25, 'cup', 174),
(175, 170.0, 'g', 176),
(177, 3.0, 'tbsp', 178),
(179, 1.0, 'tbsp', 180),
(181, 910.0, 'g', 182),
(183, 160.0, 'g', 184),
(185, 1.5, 'tsp', 186),
(187, 0.25, 'tsp', 188),
(189, 2.0, 'no', 190),
(191, 4.0, 'no', 192),
(193, 1.25, 'cup', 194),
(195, 2.0, 'cup', 196),
(197, 4.0, 'cup', 198),
(199, 2.0, 'tsp', 200),
(201, 2.0, 'cup', 202),
(203, 2.0, 'cup', 204),
(205, 0.5, 'tsp', 206),
(207, 2.0, 'tsp', 208),
(209, 3.0, 'cup', 210),
(211, 0.5, 'cup', 212),
(213, 8.0, 'oz', 214),
(215, 1.0, 'cup', 216),
(217, 1.0, 'cup', 218),
(219, 2.0, 'no', 220),
(221, 0.25, 'cup', 222),
(223, 1.0, 'tsp', 224),
(225, 0.5, 'tsp', 226),
(227, 5.0, 'tbsp', 228),
(229, 0.5, 'cup', 230),
(231, 1.5, 'tbsp', 232),
(233, 1.0, 'tbsp', 234),
(235, 1.0, 'lb', 236),
(237, 8.0, 'oz', 238),
(239, 0.75, 'cup', 240),
(241, 0.5, 'cup', 242),
(243, 0.25, 'cup', 244),
(245, 5.0, 'cup', 246),
(247, 1.0, 'tsp', 248),
(249, 12.0, 'oz', 250),
(251, 1.0, 'l', 252),
(253, 4.0, 'tbsp', 254),
(255, 4.0, 'tbsp', 256),
(257, 4.0, 'tbsp', 258),
(259, 50.0, 'g', 260),
(261, 1.0, 'cup', 262),
(263, 1.0, 'lb', 264),
(265, 2.0, 'tbsp', 266),
(267, 2.0, 'tbsp', 268),
(269, 2.0, 'tbsp', 270),
(271, 2.0, 'tbsp', 272),
(273, 5.0, 'tsp', 274),
(275, 2.0, 'tbsp', 276),
(277, 2.0, 'tbsp', 278),
(279, 0.25, 'tsp', 280);

INSERT INTO nutrients VALUES
(1, 5000, 30, 'sodium'),
(2, 5000, 100, 'calcium'),
(3, 500, 105, 'carbs'),
(4, 200, 20, 'protein'),
(5, 80, 5, 'fat'),
(6, 2000, 2, 'calories');